patient_id,name,total_appointments,no_shows,reminders_sent,no_show_rate
1,Allison Hill,2,1,2,50.0
2,Angie Henderson,7,5,5,71.42857142857143
3,Caitlin Henderson,3,2,2,66.66666666666667
4,Valerie Gray,1,1,1,100.0
6,Andrew Stewart,5,3,5,60.0
7,Zachary Hicks,4,3,4,75.0
8,Nicole Mack,3,2,2,66.66666666666667
9,Katherine Rodriguez,6,2,6,33.333333333333336
10,Keith Miller,4,0,4,0.0
11,David Brown,3,2,3,66.66666666666667
12,John Ryan,5,1,5,20.0
13,Nicholas Mcbride,3,3,3,100.0
14,Thomas Ramos,4,1,3,25.0
15,William Baker,3,2,3,66.66666666666667
16,Tyler Miller,2,2,2,100.0
17,Dean Santiago,2,1,2,50.0
18,Christopher Bass,3,2,2,66.66666666666667
19,Deborah Freeman,2,2,2,100.0
20,Melissa Hernandez,4,0,4,0.0
21,Stacey Russell,3,2,3,66.66666666666667
22,Thomas Bailey,2,1,2,50.0
23,Sean Rasmussen,5,5,3,100.0
24,William Wilson,6,1,4,16.666666666666668
25,Ryan Cortez,3,1,3,33.333333333333336
26,Erica Ramos,6,2,5,33.333333333333336
27,Angel Perry,3,2,1,66.66666666666667
28,Sylvia Martinez,10,5,8,50.0
29,Sara Ramirez,1,1,1,100.0
30,Jason Daniels,1,0,1,0.0
32,George Hobbs,5,0,4,0.0
33,Michael Elliott,4,4,3,100.0
34,Tanya Johnston,4,2,2,50.0
35,Ashley Yu,3,2,3,66.66666666666667
36,John Bishop,2,0,2,0.0
37,Cynthia Alvarez,3,1,3,33.333333333333336
38,Jesse Parker,3,1,3,33.333333333333336
39,Eric Erickson,2,1,2,50.0
40,Tony Little,3,0,2,0.0
41,Brittany Shepherd,7,4,4,57.142857142857146
42,Natalie Meza,5,5,5,100.0
43,David Mann,4,2,4,50.0
44,Laura Roberts,3,2,2,66.66666666666667
45,Darryl Craig,6,3,4,50.0
46,Julie Ortiz,3,1,2,33.333333333333336
47,Jennifer Robertson,10,3,8,30.0
48,Michael Martinez,3,2,2,66.66666666666667
49,Dr. Jordan Hill PhD,2,0,1,0.0
50,Diane Evans,8,5,6,62.5
51,Reginald Williams,6,2,5,33.333333333333336
52,Angela Harrington,1,0,1,0.0
53,Michele Garcia,4,2,3,50.0
54,Anthony Howard,3,1,2,33.333333333333336
55,Stephanie Marshall,4,2,4,50.0
56,James Howard,3,2,2,66.66666666666667
57,Melanie Taylor,6,4,5,66.66666666666667
58,Holly Shaw,4,1,4,25.0
59,Michael Chambers,6,2,5,33.333333333333336
61,Mary Bass,6,2,6,33.333333333333336
62,Daniel Fowler,4,2,3,50.0
63,Scott Thomas,5,1,4,20.0
64,Derek Martinez,5,4,5,80.0
65,Dr. Jessica Rodriguez DDS,1,1,1,100.0
66,Ashley Pena,2,1,2,50.0
67,Anna Davis,3,1,2,33.333333333333336
68,John Boone,2,1,2,50.0
69,Donald Farmer,5,3,4,60.0
70,Sophia Moore,1,0,1,0.0
71,Douglas Gregory,7,5,7,71.42857142857143
72,Joseph Hall,4,1,4,25.0
73,Alex Nguyen,4,3,3,75.0
74,Kerry Lee,8,3,8,37.5
75,Lori Lin,2,1,2,50.0
76,Angela Lin,2,1,1,50.0
77,Robert Monroe,8,2,8,25.0
78,Maria Jones,4,2,3,50.0
79,Angela Hansen,5,4,2,80.0
80,Richard Romero,6,1,4,16.666666666666668
81,Cynthia Wallace,1,0,1,0.0
82,Amy Castillo,2,1,2,50.0
83,James Brooks,3,2,3,66.66666666666667
84,Timothy Combs,5,4,3,80.0
85,Jenny Parsons,3,3,2,100.0
86,Jeffrey Mendez,9,4,7,44.44444444444444
87,Alan Kramer,5,2,5,40.0
88,Dakota Moody,1,1,1,100.0
89,Jacob Preston,4,2,4,50.0
90,Jeremy Robbins,5,3,4,60.0
91,Tiffany Thomas,2,2,2,100.0
92,Jennifer Banks,8,5,7,62.5
93,Brian Fitzgerald,5,1,3,20.0
94,Rita Ponce DVM,3,1,3,33.333333333333336
95,Robert Arnold,4,0,1,0.0
96,Ronald Arnold,6,2,6,33.333333333333336
97,Kelly Campbell,6,3,5,50.0
98,Thomas Williams,4,3,4,75.0
99,Melinda Evans,6,3,6,50.0
100,Kayla Rodriguez,2,2,2,100.0
101,Michelle Lee,4,3,1,75.0
102,Kyle Cameron,2,0,2,0.0
103,Joshua Bryan,5,2,4,40.0
104,Brittany Barry,3,1,2,33.333333333333336
105,Veronica Silva,4,2,2,50.0
106,Paula Lane,5,4,4,80.0
107,Jennifer Hampton,2,0,2,0.0
108,Courtney Dudley,5,4,3,80.0
109,Miguel Reed,2,2,1,100.0
110,Brett Rivera,3,1,2,33.333333333333336
111,Carrie Khan,3,1,2,33.333333333333336
112,Brandi Gordon,5,1,3,20.0
113,Margaret Sullivan,5,1,5,20.0
114,Deborah Ward,4,2,4,50.0
115,Paul Obrien,3,2,3,66.66666666666667
116,Jessica Frazier,6,3,2,50.0
117,Laura Williams,3,2,3,66.66666666666667
118,Victor Baxter,4,1,2,25.0
119,David Murray,3,2,3,66.66666666666667
120,Amber Yang,6,5,6,83.33333333333333
121,Antonio Fry,7,2,7,28.571428571428573
122,Michael Shaffer,7,3,5,42.857142857142854
123,Sandra Williams,5,1,3,20.0
124,Melissa Padilla,5,4,5,80.0
125,Jamie Ferguson,4,2,2,50.0
126,Juan Silva,4,3,4,75.0
127,Nathan Freeman,3,2,3,66.66666666666667
128,Mary Duran,3,2,3,66.66666666666667
129,Denise Madden,2,1,2,50.0
130,Judy Sanchez,6,6,5,100.0
131,Shannon Davis,5,3,4,60.0
132,Tanya Evans,2,0,2,0.0
133,Lisa Larson,2,1,1,50.0
134,Richard Moore,6,4,4,66.66666666666667
135,Brandon Spencer,6,3,6,50.0
136,Christopher Hill,5,3,5,60.0
137,Erin Cook,3,3,3,100.0
138,Christina Osborn,5,0,4,0.0
139,William Mendoza,4,1,1,25.0
140,Maria Lucas,4,3,2,75.0
141,Brittany Cuevas,3,1,3,33.333333333333336
142,Austin Williams,2,2,1,100.0
143,Jared Lopez,2,0,2,0.0
144,Jim Baker,1,1,1,100.0
145,Clayton Steele,5,2,4,40.0
146,Ian Smith,4,3,3,75.0
148,Reginald Morrow,3,2,3,66.66666666666667
149,Oscar Norris,2,1,1,50.0
150,Scott Duke,1,1,1,100.0
151,Patricia Powell,5,3,5,60.0
152,Drew Kelley,2,1,1,50.0
153,Aaron Rubio,4,2,4,50.0
154,Jessica Davis,3,3,2,100.0
155,Karen Perez,4,3,3,75.0
156,Lori Hernandez,3,0,2,0.0
157,Peggy Vaughn,1,0,1,0.0
158,Bonnie Valencia,4,1,3,25.0
159,Micheal Wang,5,4,5,80.0
160,Pamela Santos,4,2,3,50.0
161,Jon Reed,4,1,4,25.0
162,Carol Moore,2,1,1,50.0
163,Courtney Wright,4,3,3,75.0
164,Juan Smith,2,1,1,50.0
165,Gregory Franco,3,2,3,66.66666666666667
166,Thomas Merritt,2,1,2,50.0
167,Nancy Stewart,4,2,2,50.0
168,John Phelps,4,1,4,25.0
169,William Johnson,6,3,5,50.0
170,Kevin Lowery,2,1,2,50.0
171,Allen Vega,2,1,2,50.0
172,Douglas Taylor,1,1,1,100.0
173,Alyssa Cochran,3,3,3,100.0
174,Evan Rojas,4,2,4,50.0
175,John Rivera,5,5,3,100.0
176,Frank Daugherty,5,3,4,60.0
177,Zachary Sanford,4,3,3,75.0
178,Tracey Underwood,3,2,3,66.66666666666667
179,James Poole,3,1,3,33.333333333333336
180,Kimberly Villanueva,7,2,6,28.571428571428573
181,Julian Frost,5,2,4,40.0
182,Kenneth Larsen,7,3,5,42.857142857142854
183,Brian Glover,5,3,4,60.0
184,Paul Contreras,4,0,3,0.0
185,Kenneth Black,4,2,4,50.0
186,Rodney Hernandez,1,1,1,100.0
187,Lauren Hanna,3,0,3,0.0
188,Lee Steele,3,1,2,33.333333333333336
189,William Ramos,4,3,1,75.0
190,Alyssa Lee,4,3,3,75.0
191,Jaime Wheeler,5,4,5,80.0
192,Maria Byrd,6,5,5,83.33333333333333
193,John Byrd,4,3,3,75.0
194,Debbie Dawson,2,0,2,0.0
195,Wendy Cabrera,2,2,2,100.0
196,Stephanie Pena,4,1,3,25.0
197,Lisa Kennedy,7,6,7,85.71428571428571
198,Mike Maxwell,3,1,3,33.333333333333336
199,Janet Johnson,4,1,3,25.0
200,Austin Williams,7,2,5,28.571428571428573
201,Leah Jackson,3,2,3,66.66666666666667
202,Christian Neal,4,2,2,50.0
203,Dennis Mills,9,3,8,33.333333333333336
204,Maureen Hernandez,4,3,4,75.0
205,David Hall,3,3,2,100.0
206,Mary Jackson,3,3,0,100.0
207,Michael Brown,2,0,2,0.0
208,Bianca Knapp,7,3,5,42.857142857142854
209,Michael Cruz,1,0,1,0.0
210,Mason Powell,6,4,5,66.66666666666667
211,Andrew Dunn,6,2,5,33.333333333333336
212,Michelle Cox,9,3,5,33.333333333333336
213,Glenn Gallegos,5,2,5,40.0
214,Cheryl Morgan,3,2,2,66.66666666666667
215,Matthew Obrien,6,5,4,83.33333333333333
216,Tammy Anderson,2,0,2,0.0
217,Vanessa Thompson,7,2,5,28.571428571428573
218,Anthony Adams,3,0,3,0.0
219,Natalie Hoffman,2,2,1,100.0
221,Christopher Singleton,5,3,5,60.0
222,Kelly Hartman,5,1,4,20.0
224,Steven Lee,5,3,4,60.0
225,Anthony Bauer,1,0,1,0.0
226,Lisa Avila,4,1,4,25.0
227,Mercedes Jones,5,4,3,80.0
228,Brianna Byrd,1,0,1,0.0
229,Taylor York,4,4,4,100.0
230,Kevin Lynn,4,1,3,25.0
231,Holly Stewart,5,2,5,40.0
232,Sarah Trevino,3,2,3,66.66666666666667
233,Reginald Diaz,11,9,10,81.81818181818181
234,Nicole Taylor,5,5,3,100.0
235,Terry Ward,3,2,1,66.66666666666667
236,Terry Black,1,1,1,100.0
237,Mary Perry,5,5,4,100.0
238,Christopher Mullen,8,5,6,62.5
239,Grace Chavez,6,2,5,33.333333333333336
240,Richard Gordon,5,2,3,40.0
241,Jane Chapman,3,1,2,33.333333333333336
242,Patrick Smith,9,3,8,33.333333333333336
243,Kristin White,4,2,3,50.0
244,James Morgan,6,4,4,66.66666666666667
245,James Joyce,4,2,4,50.0
246,Aaron Moore,2,2,2,100.0
247,Jordan Powell,5,3,3,60.0
248,Laura Benson,3,1,3,33.333333333333336
249,Crystal Stewart,4,2,4,50.0
250,Melanie Browning,4,3,3,75.0
251,Sarah Watson,4,4,4,100.0
252,Joyce Martinez,6,2,5,33.333333333333336
253,Jeff Barnes,2,0,2,0.0
254,Robert Rodgers,4,2,4,50.0
255,Mark Cole,8,5,6,62.5
256,Blake Austin,5,3,4,60.0
257,Stephen Norman,3,0,2,0.0
258,Allison Sanders,5,2,4,40.0
259,Julie Pitts,2,1,1,50.0
260,Jacob Green,5,3,5,60.0
261,Linda Robles,5,3,4,60.0
262,Rebecca Austin,1,0,1,0.0
263,Anthony Nichols,1,0,0,0.0
264,Kathleen Watson,6,2,5,33.333333333333336
265,Ray Ramos,2,2,1,100.0
266,Sharon Robinson,6,4,6,66.66666666666667
267,Kyle Watson,5,4,4,80.0
268,Rebecca Martinez,6,3,6,50.0
269,Katherine Knight,4,4,3,100.0
270,Mark Gray,4,3,4,75.0
271,Jason Morris,3,1,3,33.333333333333336
272,Kelly Miles,5,4,5,80.0
273,Rebecca Brown,2,0,1,0.0
274,Kristin Grant,8,3,8,37.5
275,Mark Mckenzie,1,0,1,0.0
276,William Lewis,2,0,1,0.0
277,Anna Ross,3,1,3,33.333333333333336
278,Roger Norris,4,2,3,50.0
279,Jessica Conrad,3,3,3,100.0
280,Yolanda Maddox,2,0,1,0.0
281,Chad Hansen,6,3,5,50.0
282,Kirk Johnson,3,2,3,66.66666666666667
283,Samantha Smith,4,2,3,50.0
284,Mary Williams,2,2,2,100.0
285,Stephen Hughes,6,4,6,66.66666666666667
286,Christopher Reed,6,3,6,50.0
287,Antonio Scott,3,1,3,33.333333333333336
288,Erin Daniels,2,2,2,100.0
289,Evan Hobbs,3,3,2,100.0
290,Michael Woods,6,4,6,66.66666666666667
291,Andrea Ho,3,1,3,33.333333333333336
292,Danielle Medina,4,1,4,25.0
293,Matthew Davis,4,2,3,50.0
294,Michelle Martinez,5,3,4,60.0
295,Shari Martin,2,1,1,50.0
296,Scott Stephens,7,5,3,71.42857142857143
297,Samantha Clark,1,1,1,100.0
298,Andrew Lane,4,3,3,75.0
299,Christopher Powers,6,3,4,50.0
300,Chad Neal,3,2,3,66.66666666666667
301,Lisa Ho,3,1,2,33.333333333333336
302,Christopher Lynch DDS,3,1,2,33.333333333333336
303,Nancy Clark,5,2,4,40.0
304,Joshua Wang,3,2,3,66.66666666666667
305,Karen Burton,4,3,3,75.0
306,Andre Terrell,2,2,2,100.0
307,Elizabeth Warren,1,0,1,0.0
308,Jill Johnson,1,1,0,100.0
309,Timothy Mcdaniel,3,2,3,66.66666666666667
310,Denise Moore,4,1,4,25.0
311,Michael Campbell,5,2,4,40.0
312,Brandon Myers,3,1,3,33.333333333333336
313,Michelle Lambert,8,6,7,75.0
314,Lisa Durham,6,2,5,33.333333333333336
315,Sonya Chavez,4,2,4,50.0
316,Matthew Sparks,4,1,3,25.0
317,Rachel Graham,2,1,2,50.0
318,Linda Wilkins,4,3,3,75.0
319,Meghan Sellers,1,1,0,100.0
320,Kevin Garrett,4,3,3,75.0
321,Benjamin Smith,9,3,8,33.333333333333336
322,Laura Bradford,3,2,3,66.66666666666667
323,Nicholas Terrell,7,3,5,42.857142857142854
324,Erin Gomez,2,2,2,100.0
325,Richard King,2,2,2,100.0
326,Bradley Thomas,3,1,2,33.333333333333336
327,John Alvarez,5,3,4,60.0
328,Joseph Gomez,4,1,4,25.0
329,Joseph Jennings,2,1,0,50.0
330,Maria Pratt,4,2,3,50.0
331,Gary Brown,6,3,4,50.0
332,Benjamin Luna,5,3,4,60.0
333,April Finley,3,0,2,0.0
334,Mary Evans,3,2,3,66.66666666666667
335,Sandra Cole,3,1,2,33.333333333333336
336,Alec Meadows DDS,3,2,3,66.66666666666667
337,Robert Simmons,5,4,4,80.0
338,Christopher Sanchez,4,3,3,75.0
339,Diane Steele,9,3,9,33.333333333333336
340,Justin Lee,4,4,2,100.0
341,Michael Williams,3,2,3,66.66666666666667
342,Stefanie Chavez,4,1,3,25.0
343,Michael Nguyen,2,0,2,0.0
344,Chad Cortez,3,1,2,33.333333333333336
345,Rachel Little,1,0,1,0.0
346,Jeffrey Walker,3,0,2,0.0
347,Jodi Allen,2,1,2,50.0
348,Vanessa Ford,3,0,3,0.0
349,Rebecca French,5,4,3,80.0
350,Holly Thompson,2,2,1,100.0
351,Mrs. Ashley Mendoza,5,3,4,60.0
352,Jodi Richardson,3,2,3,66.66666666666667
353,Jason Fleming,1,0,1,0.0
354,Melissa Wilkinson,4,2,3,50.0
355,Jesus Jackson,2,1,1,50.0
356,Melissa Estrada,5,2,2,40.0
357,Gregg Watson,3,1,3,33.333333333333336
358,Michael Wells,9,2,8,22.22222222222222
359,Christie Fox,3,3,3,100.0
360,Tina Daugherty,3,3,2,100.0
361,Anita Luna,5,4,4,80.0
362,Tyler Avila,2,2,2,100.0
363,Ronald Davenport,5,3,4,60.0
364,Phillip Snyder,5,3,4,60.0
365,Joel Steele,6,3,4,50.0
366,Samantha Cohen,3,2,3,66.66666666666667
367,Daniel Lopez,3,0,2,0.0
368,Jeremy Huerta,6,3,3,50.0
369,Brian Mcguire,1,1,1,100.0
370,Christopher Mason,7,3,7,42.857142857142854
371,Michael Lopez,7,2,4,28.571428571428573
372,Amanda Murphy,7,3,6,42.857142857142854
373,William Wallace,7,3,6,42.857142857142854
374,Charles Morales,5,2,3,40.0
375,Pamela Wheeler,6,3,5,50.0
376,Sandra Jimenez,8,3,7,37.5
377,Katherine Green,5,1,4,20.0
378,Mike Freeman,4,1,3,25.0
379,Heather Levine,2,1,2,50.0
380,Hannah Harmon,4,0,3,0.0
381,Ana Torres,3,0,2,0.0
382,John Vazquez,8,4,8,50.0
383,Kimberly Mitchell,10,8,10,80.0
385,Christina Morales,2,1,1,50.0
386,Paul Cannon,8,5,5,62.5
387,Justin Graham,4,1,2,25.0
388,Jennifer Cox,8,3,6,37.5
389,Renee Manning,2,0,2,0.0
390,Taylor Cox,4,2,4,50.0
391,Tabitha Turner,8,4,7,50.0
392,Lynn Suarez,1,1,1,100.0
393,Teresa Ruiz,5,2,3,40.0
394,Curtis Torres,5,2,5,40.0
395,Kevin Murphy,3,2,3,66.66666666666667
396,Luke Burke,3,1,3,33.333333333333336
397,Johnny Anderson,3,2,3,66.66666666666667
398,Maria Miller,3,1,3,33.333333333333336
399,Tracy George,5,2,4,40.0
400,Evan Moreno,3,1,2,33.333333333333336
401,Christopher Doyle,4,1,3,25.0
402,William Hoffman,5,1,5,20.0
403,Danielle Jimenez,5,2,4,40.0
404,Mark Adams,4,2,3,50.0
405,Samuel Martin,6,4,5,66.66666666666667
406,Jenny Avila,7,2,4,28.571428571428573
407,Carl Leach,2,1,2,50.0
408,Dawn Scott,1,1,0,100.0
409,Gloria Hull,5,3,5,60.0
410,Michael Melton,2,1,1,50.0
411,Melissa Lopez,3,1,3,33.333333333333336
412,Nancy Wallace,2,0,2,0.0
413,Kristen Roberts,3,2,2,66.66666666666667
414,Matthew Small,5,4,5,80.0
415,Gina Guzman,4,2,4,50.0
416,Jason Chaney,3,2,3,66.66666666666667
417,Katelyn Chaney,3,2,1,66.66666666666667
418,Amanda Garcia,1,1,1,100.0
419,Robert Peterson,3,1,2,33.333333333333336
420,Allen Thomas,4,2,4,50.0
421,Ernest Holden,6,2,5,33.333333333333336
422,Margaret Orr,6,3,5,50.0
423,Lori Montgomery,5,2,4,40.0
424,Caitlin Johnson,2,1,1,50.0
425,Abigail Morgan,3,2,3,66.66666666666667
426,Heather Garcia,8,5,8,62.5
427,Whitney Barker,5,2,5,40.0
428,Cameron Dawson,10,3,9,30.0
429,Joseph Wilson,3,2,2,66.66666666666667
430,Andrew Olson,4,0,3,0.0
431,Steven Morgan,4,2,4,50.0
432,Brandon Martin,6,5,6,83.33333333333333
433,Kim Rivers,3,3,3,100.0
434,David Wilson,5,3,4,60.0
435,Anthony Price,3,2,2,66.66666666666667
436,Stephanie Williams,3,2,2,66.66666666666667
437,Mark Mcintyre,6,4,4,66.66666666666667
438,William Casey,3,2,3,66.66666666666667
439,Michael Kidd,3,0,1,0.0
440,Emily Fleming,6,2,4,33.333333333333336
441,Pamela Medina,3,1,3,33.333333333333336
442,Olivia Becker,1,1,1,100.0
443,Donald Mason,7,5,5,71.42857142857143
444,Monica Hill,3,3,3,100.0
445,Courtney Ramirez,3,2,3,66.66666666666667
446,John Morton,3,2,3,66.66666666666667
447,Lauren Miller,1,1,1,100.0
448,James Davis,3,1,2,33.333333333333336
449,Andrea Clarke,6,2,6,33.333333333333336
450,Jeffrey Moyer,7,1,7,14.285714285714286
451,Craig Gonzalez,4,2,4,50.0
452,Susan Crawford,8,4,4,50.0
453,Hunter Spencer,2,1,1,50.0
454,Stephen Higgins,3,2,2,66.66666666666667
455,Teresa Rowland,4,2,4,50.0
456,Charles Wright,7,3,5,42.857142857142854
457,Kelly Webb,4,3,3,75.0
458,Jacqueline Pierce,3,0,3,0.0
459,Jonathan Nelson,4,2,4,50.0
460,Felicia Leonard,2,1,1,50.0
461,Crystal Cummings,6,2,4,33.333333333333336
462,Jerry Hansen,3,3,2,100.0
463,Troy Rivera,2,1,2,50.0
464,Michael Thompson,7,5,5,71.42857142857143
465,Jennifer Moore,2,0,2,0.0
466,Kenneth Collins,9,4,7,44.44444444444444
467,Nancy Roberts,4,4,4,100.0
468,Rodney Horn,7,3,5,42.857142857142854
469,Jennifer Gill,4,4,4,100.0
470,Penny Ortiz,3,2,1,66.66666666666667
471,Brian Stark,3,1,2,33.333333333333336
472,Michael Smith,10,8,9,80.0
473,Pamela Mcfarland,1,1,1,100.0
474,Mark Weber,1,1,1,100.0
475,Daniel Barrett,3,1,2,33.333333333333336
476,Tim Wise,4,3,4,75.0
477,Luis Mosley,8,4,8,50.0
478,Erin Ramirez,4,2,3,50.0
479,Amy Vasquez,5,3,4,60.0
480,Christopher Dunn,6,1,4,16.666666666666668
481,Mark Nelson,2,1,2,50.0
483,Larry Jones,1,1,1,100.0
484,Eric Archer,1,0,1,0.0
485,James Coleman,6,3,6,50.0
486,Brandon Dawson,7,1,3,14.285714285714286
487,Kenneth Salinas,6,1,6,16.666666666666668
488,Debra Clark,3,1,2,33.333333333333336
489,Mr. Brian Bradley,3,2,2,66.66666666666667
490,Allen Young,1,1,1,100.0
491,Michael Cooper,7,3,3,42.857142857142854
492,Mary Alvarez,2,1,1,50.0
493,Timothy Galvan,4,2,4,50.0
494,Cynthia Lewis,5,3,3,60.0
495,Jamie Love,6,1,5,16.666666666666668
496,Emily Lawrence,2,2,2,100.0
497,Joshua Murray,7,6,5,85.71428571428571
498,Lynn Lewis,4,3,3,75.0
499,Mitchell Charles,5,2,4,40.0
500,Joseph Campbell,4,4,4,100.0
